Date,Edits
2021/01/01,1566
2021/01/02,1032
2021/01/03,1499
2021/01/04,1598
2021/01/05,1463
2021/01/06,1948
2021/01/07,2280
2021/01/08,1196
2021/01/09,1493
2021/01/10,1174
2021/01/11,1520
2021/01/12,1806
2021/01/13,1314
2021/01/14,1428
2021/01/15,679
2021/01/16,732
2021/01/17,1184
2021/01/18,1329
2021/01/19,1383
2021/01/20,1475
2021/01/21,957
2021/01/22,1235
2021/01/23,1132
2021/01/24,1814
2021/01/25,1553
2021/01/26,2048
2021/01/27,1993
2021/01/28,1156
2021/01/29,1392
2021/01/30,1357
2021/01/31,887
2021/02/01,1512
2021/02/02,2251
2021/02/03,1184
2021/02/04,1415
2021/02/05,1079
2021/02/06,741
2021/02/07,1054
2021/02/08,1277
2021/02/09,1060
2021/02/10,1402
2021/02/11,1021
2021/02/12,627
2021/02/13,688
2021/02/14,741
2021/02/15,1055
2021/02/16,1119
2021/02/17,872
2021/02/18,1096
2021/02/19,1137
2021/02/20,1844
2021/02/21,962
2021/02/22,1578
2021/02/23,1214
2021/02/24,1286
2021/02/25,950
2021/02/26,840
2021/02/27,2045
2021/02/28,1274
2021/03/01,1364
2021/03/02,1297
2021/03/03,910
2021/03/04,1312
2021/03/05,1145
2021/03/06,1067
2021/03/07,1612
2021/03/08,902
2021/03/09,982
2021/03/10,1328
2021/03/11,1080
2021/03/12,1466
2021/03/13,783
2021/03/14,1078
2021/03/15,1456
2021/03/16,2067
2021/03/17,2451
2021/03/18,1360
2021/03/19,1907
2021/03/20,1696
2021/03/21,4001
2021/03/22,1508
2021/03/23,2045
2021/03/24,1868
2021/03/25,1857
2021/03/26,1432
2021/03/27,1182
2021/03/28,1813
2021/03/29,2196
2021/03/30,1757
2021/03/31,1115
2021/04/01,1236
2021/04/02,1267
2021/04/03,1245
2021/04/04,2103
2021/04/05,1366
2021/04/06,1965
2021/04/07,1541
2021/04/08,1645
2021/04/09,1199
2021/04/10,1171
2021/04/11,2176
2021/04/12,1461
2021/04/13,1045
2021/04/14,2949
2021/04/15,1931
2021/04/16,1261
2021/04/17,1262
2021/04/18,1152
2021/04/19,2011
2021/04/20,2519
2021/04/21,2725
2021/04/22,3374
2021/04/23,1594
2021/04/24,1185
2021/04/25,1171
2021/04/26,1372
2021/04/27,1734
2021/04/28,1656
2021/04/29,1368
2021/04/30,1817
2021/05/01,1522
2021/05/02,984
2021/05/03,4460
2021/05/04,4005
2021/05/05,1531
2021/05/06,3670
2021/05/07,1449
2021/05/08,1830
2021/05/09,1712
2021/05/10,1455
2021/05/11,1907
2021/05/12,1301
2021/05/13,1112
2021/05/14,1253
2021/05/15,2401
2021/05/16,2113
2021/05/17,3426
2021/05/18,2440
2021/05/19,1986
2021/05/20,1325
2021/05/21,1525
2021/05/22,752
2021/05/23,1235
2021/05/24,1090
2021/05/25,1060
2021/05/26,2277
2021/05/27,1310
2021/05/28,1027
2021/05/29,1467
2021/05/30,912
2021/05/31,962
2021/06/01,1447
2021/06/02,1118
2021/06/03,1874
2021/06/04,1155
2021/06/05,1392
2021/06/06,1082
2021/06/07,1251
2021/06/08,1481
2021/06/09,1334
2021/06/10,1260
2021/06/11,1098
2021/06/12,958
2021/06/13,966
2021/06/14,1259
2021/06/15,1156
2021/06/16,2216
2021/06/17,1392
2021/06/18,1269
2021/06/19,1080
2021/06/20,896
2021/06/21,1508
2021/06/22,1040
2021/06/23,1409
2021/06/24,1154
2021/06/25,759
2021/06/26,1237
2021/06/27,1097
2021/06/28,1042
2021/06/29,655
2021/06/30,1318
2021/07/01,875
2021/07/02,896
2021/07/03,1560
2021/07/04,5234
2021/07/05,2043
2021/07/06,1478
2021/07/07,993
2021/07/08,1146
2021/07/09,959
2021/07/10,716
2021/07/11,1253
2021/07/12,1603
2021/07/13,1469
2021/07/14,1289
2021/07/15,923
2021/07/16,892
2021/07/17,672
2021/07/18,657
2021/07/19,815
2021/07/20,979
2021/07/21,1520
2021/07/22,808
2021/07/23,1117
2021/07/24,1466
2021/07/25,1502
2021/07/26,2741
2021/07/27,1552
2021/07/28,1524
2021/07/29,1151
2021/07/30,750
2021/07/31,1885
2021/08/01,803
2021/08/02,1299
2021/08/03,1709
2021/08/04,1618
2021/08/05,941
2021/08/06,655
2021/08/07,439
2021/08/08,1388
2021/08/09,1451
2021/08/10,964
2021/08/11,1239
2021/08/12,998
2021/08/13,888
2021/08/14,652
2021/08/15,1220
2021/08/16,1482
2021/08/17,1253
2021/08/18,1348
2021/08/19,994
2021/08/20,9290
2021/08/21,6571
2021/08/22,2769
2021/08/23,2723
2021/08/24,911
2021/08/25,1449
2021/08/26,998
2021/08/27,1162
2021/08/28,1800
2021/08/29,1670
2021/08/30,1507
2021/08/31,2269
2021/09/01,1254
2021/09/02,1119
2021/09/03,1416
2021/09/04,801
2021/09/05,672
2021/09/06,1068
2021/09/07,876
2021/09/08,795
2021/09/09,1049
2021/09/10,751
2021/09/11,860
2021/09/12,1089
2021/09/13,1304
2021/09/14,1130
2021/09/15,1171
2021/09/16,835
2021/09/17,558
2021/09/18,601
2021/09/19,1032
2021/09/20,1047
2021/09/21,1320
2021/09/22,1003
2021/09/23,1048
2021/09/24,545
2021/09/25,636
2021/09/26,577
2021/09/27,1209
2021/09/28,1908
2021/09/29,1121
2021/09/30,1878
2021/10/01,1616
2021/10/02,1191
2021/10/03,830
2021/10/04,1321
2021/10/05,900
2021/10/06,1234
2021/10/07,792
2021/10/08,871
2021/10/09,783
2021/10/10,1004
2021/10/11,1009
2021/10/12,728
2021/10/13,1020
2021/10/14,802
2021/10/15,944
2021/10/16,680
2021/10/17,1057
2021/10/18,971
2021/10/19,1385
2021/10/20,1301
2021/10/21,1174
2021/10/22,1003
2021/10/23,791
2021/10/24,793
2021/10/25,1364
2021/10/26,1843
2021/10/27,1522
2021/10/28,2035
2021/10/29,667
2021/10/30,1115
2021/10/31,1327
2021/11/01,1590
2021/11/02,1076
2021/11/03,1096
2021/11/04,1022
2021/11/05,1115
2021/11/06,818
2021/11/07,813
2021/11/08,786
2021/11/09,708
2021/11/10,643
2021/11/11,611
2021/11/12,589
2021/11/13,738
2021/11/14,630
2021/11/15,963
2021/11/16,781
2021/11/17,865
2021/11/18,781
2021/11/19,1069
2021/11/20,649
2021/11/21,912
2021/11/22,2155
2021/11/23,1467
2021/11/24,961
2021/11/25,1096
2021/11/26,577
2021/11/27,836
2021/11/28,1102
2021/11/29,1238
2021/11/30,2698
2021/12/01,1509
2021/12/02,1511
2021/12/03,828
2021/12/04,919
2021/12/05,696
2021/12/06,859
2021/12/07,787
2021/12/08,1776
2021/12/09,735
2021/12/10,957
2021/12/11,650
2021/12/12,1076
2021/12/13,925
2021/12/14,1130
2021/12/15,678
2021/12/16,1055
2021/12/17,1286
2021/12/18,1236
2021/12/19,998
2021/12/20,1029
2021/12/21,1129
2021/12/22,1200
2021/12/23,1189
2021/12/24,1012
2021/12/25,606
2021/12/26,948
2021/12/27,1047
2021/12/28,1308
2021/12/29,1120
2021/12/30,1046
2021/12/31,896